loyalty_level,total_quantity,total_cog,transaction_count,avg_transaction_value,pct_of_total
Bronze,3714,3795198.45,1253,3028.8894253790904,24.864370721629395
Gold,3477,3536863.54,1160,3049.0202931034482,23.171880840743516
Platinum,3896,4012963.14,1299,3089.2710854503466,26.29106343706321
Silver,3827,3918576.32,1288,3042.3729192546584,25.67268500056387
