product_name,quantity_sold,cost_of_goods,qty_ratio,cog_ratio
Camera,1873,1895104.13,0.12558669706316214,0.12415838661720298
Fridge,1967,1938012.69,0.13188949979884673,0.12696955540594254
Headphones,1816,1846334.45,0.12176478476599169,0.12096322457371292
Laptop,1685,1709159.24,0.11298109159179294,0.11197614439808372
Smartphone,1876,1931310.04,0.12578785034196058,0.12653042902925116
TV,1926,2049493.86,0.12914040498860133,0.13427328188001136
Tablet,1964,1996253.02,0.13168834652004827,0.1307851902802402
Washing Machine,1807,1897934.02,0.12116132492959636,0.12434378781555516
