store_location,quantity_sold,cost_of_goods,qty_ratio,cog_ratio
"Chicago, IL",3085,3156726.82,0.20685262169773366,0.20681402291200415
"Dallas, TX",2892,2903930.74,0.1939117607617004,0.1902520024197828
"Los Angeles, CA",3168,3276299.63,0.21241786241115732,0.2146478759113564
"Miami, FL",2834,2962567.02,0.19002279737159716,0.19409357809195155
"New York, NY",2935,2964077.24,0.19679495775781145,0.19419252066490508
